form_01______________49KB	2	0
form_02____5______	1	0
form_03_signup_consent_form	2	0
form_04______________15KB	3	0
form_05________________30KB	1	0
form_06_____________37KB	3	0
form_07_______________41KB	12	2
form_08_PJBL_______44KB	4	0
form_09___________48KB	1	0
form_10______________49KB	2	0
form_11____________48KB	2	0
form_12_20260415_____53KB	5	0
form_13_________54KB	1	0
form_14_________________________________59KB	2	0
form_15_____________59KB	3	0
form_16_______________76KB	2	0
form_17_______________81KB	9	0
form_18_______260414_86KB	5	0
form_19_________________88KB	1	0
form_20______________90KB	8	5
form_21____________98KB	1	0
form_22____________________270KB	37	0
form_23___________________3MB	26	2
form_24_____4MB	84	4
form_25__________________6MB	29	0
form_26___________________15MB	6	4
form_27_______________58MB	8	2
huge_01_DNA________33MB	41	2
huge_02_DNA_______75MB	67	4
large_01_____________16MB	37	7
med_01_________225KB	8	3
med_02____2_4MB	6	0
med_03____________4MB	47	3
small_01_____________46KB	4	0
small_02____________46KB	1	0
small_03_________73KB	3	0
small_04____________79KB	1	0
tiny_01__________17KB	4	1
tiny_02________16KB	3	0
tiny_03_______38KB	3	0
wb01_inherit_form_2pg	2	0
wb02_teacher_center_2pg	2	0
wb03_physics_lab_2pg	1	0
wb04_finance_2pg	2	0
wb05_govsummary_2pg	2	0
wb06_grad_report_3pg	3	0
wb07_future_college_3pg	3	0
wb08_scholar_proposal_3pg	3	0
wb09_future_college_final_4pg	4	0
wb10_pension_ppt_4pg	4	0
wb11_bastille_3pg	3	0
wb12_gangjin_meeting_4pg	4	0
wb13_comphumanities_6pg	6	0
wb14_writingtask_6pg	6	13
wb15_capstone_16pg	17	0
wb16_futuretech_19pg	19	4
wb17_library_report_13pg	15	5
wb18_subplan_15pg	17	5
wb19_plan_report3_9pg	9	3
wb20_coreboard_15pg	13	1
wb21_week10_expr_11pg	11	5
wb22_plan_report6_6pg	6	0
wb23_polymer_6pg	6	3
wb24_columbia_14pg	14	3
wb25_ecolife_8pg	8	0
wc01_7pg	7	2
wc02_7pg	7	0
wc03_11pg	11	2
wc04_4pg	6	10
wc05_7pg	7	9
wc06_9pg	9	0
wc07_4pg	4	0
wc08_14pg	14	0
wc09_3pg	3	0
wc10_4pg	4	0
wc11_6pg	6	0
wc12_10pg	10	0
wc13_7pg	6	0
wc14_13pg	12	1
wc15_7pg	6	0
wc16_6pg	5	0
wc17_6pg	5	0
wc18_10pg	10	2
wc19_5pg	5	0
wc20_3pg	4	0
wc21_7pg	7	0
wc22_4pg	4	3
wc23_6pg	5	0
wc24_4pg	4	0
wc25_4pg	4	0
wc26_3pg	3	0
wc27_13pg	13	0
wc28_2pg	2	3
wc29_9pg	9	13
wc30_3pg	3	0
wc31_17pg	12	0
wc32_6pg	6	13
wc33_2pg	2	1
wc34_2pg	2	0
wc35_15pg	19	9
wc36_5pg	5	4
wc37_9pg	9	3
wc38_19pg	19	5
wc39_14pg	14	0
wc40_13pg	13	6
wc41_4pg	4	8
wc42_9pg	10	0
wc43_8pg	10	0
wc44_8pg	9	0
wc45_8pg	9	0
wc46_7pg	7	2
wc47_6pg	6	0
wc48_18pg	18	0
wc49_4pg	4	3
wc50_2pg	2	0
wc51_4pg	4	1
wc52_8pg	9	2
wc53_11pg	11	2
wc54_7pg	7	0
wc55_8pg	8	0
wc56_5pg	5	0
wc57_2pg	2	0
wc58_8pg	7	0
wc59_2pg	2	0
wc60_12pg	12	1
wc61_8pg	8	0
wc62_8pg	9	0
wc63_2pg	1	3
wc64_9pg	18	1
wc65_5pg	5	9
wc66_3pg	3	0
wc67_12pg	10	36
wc68_17pg	17	0
wc69_9pg	10	0
wild_01_business_plan_31pg	32	7
wild_02_paper_fig_10MB	7	2
wild_03_labor_law_250pg	257	13
wild_04_glocal_script_10pg	10	0
wild_05_hangul21_1pg_1MB	1	0
wild_06_report_najy_10pg	10	0
wild_07_ethics_debate_13pg	14	0
wild_08_virtual_company_9pg	9	0
