01_3787018_81dong_cafeteria_capsule_coffee_review_20260527	dev	5
02_3783665_snu_emeritus_professor_regulation	held	3
03_3781727_staff_evaluation_table	dev	1
04_3781571_car_2bu_je_notice	dev	2
05_3781559_medschool_car_2bu_je_plan	dev	4
06_3778860_ehp_change_proposal	held	1
07_3775010_attachment4_org_opinions_combined	dev	14
08_3767791_kei_snu_intl_mou	dev	3
09_3766093_natural_sci_planning_committee_260527	dev	51
10_3764349_development_plan_v1	dev	3
11_3764309_meeting4_transcript	held	38
12_3763876_development_plan_v2	dev	3
13_3763367_k_star_visa_track_plan	dev	19
14_3762372_manual_template	held	1
15_3740450_research_admin_innovation_meeting_template	dev	5
16_3738193_secure_admin_ai_service_plan	dev	4
17_3728967_forest_mou_report	held	2
18_3728528_research_fund_repayment_request	dev	1
19_3728140_snu_finance_regulation_v3	dev	8
20_3727659_resume_2605_ai	held	1
accountability_eval	dev	11
expense_form	dev	1
form_01______________49KB	dev	2
form_02____5______	dev	1
form_04______________15KB	dev	3
form_05________________30KB	dev	1
form_06_____________37KB	dev	3
form_07_______________41KB	dev	11
form_08_PJBL_______44KB	dev	4
form_09___________48KB	dev	1
form_10______________49KB	dev	2
form_11____________48KB	dev	2
form_12_20260415_____53KB	dev	5
form_13_________54KB	dev	1
form_14_________________________________59KB	dev	2
form_15_____________59KB	dev	3
form_16_______________76KB	dev	2
form_17_______________81KB	dev	9
form_18_______260414_86KB	dev	5
form_19_________________88KB	dev	1
form_20______________90KB	dev	8
form_21____________98KB	dev	1
form_22____________________270KB	dev	37
form_23___________________3MB	dev	26
form_24_____4MB	held	84
form_25__________________6MB	dev	29
form_26___________________15MB	dev	6
form_27_______________58MB	dev	8
gifted_application	dev	1
huge_01_DNA________33MB	dev	41
huge_02_DNA_______75MB	dev	67
internship_plan	dev	11
lab_report	dev	2
large_01_____________16MB	dev	39
med_01_________225KB	held	8
med_02____2_4MB	dev	6
med_03____________4MB	dev	47
medschool	dev	4
meeting	dev	5
meeting_summary	dev	3
multicultural_plan	dev	3
org_diagnosis	held	16
overseas_training	dev	4
report_form	dev	6
research_form	dev	2
small_01_____________46KB	dev	4
small_02____________46KB	dev	1
small_03_________73KB	held	3
small_04____________79KB	dev	1
tiny_01__________17KB	dev	4
tiny_02________16KB	dev	3
tiny_03_______38KB	dev	3
writing_template	dev	2
